,,,,,,,,,,,,,,,,,
Rwanda's Formal External Trade in Goods (values in US$ million),,,,,,,,,,,,,,,,,
,,,,,,,,,,,,,,,,,
Flow/Period,2023Q1,2023Q2,2023Q3,2023Q4,2024Q1,2024Q2,2024Q3,2024Q4,2025Q1,2025Q2,2025Q3,2025Q4,2026Q1,2026Q2,,,
Exports,402.14,484.74,388.11,399.11,431.61,537.64,667.00,677.45,480.82,346.04,389.99,375.43,366.85,548.98,,,
Imports,1476.51,1571.09,1581.81,1486.93,1410.52,1568.97,1751.57,1629.39,1379.05,1247.39,1368.93,1543.21,1332.21,1606.39,,,
Re-Exports,156.25,154.52,173.00,159.55,173.17,164.00,184.56,177.29,135.39,142.41,173.65,223.72,193.84,179.59,,,
Total Trade,2034.91,2210.36,2142.92,2045.60,2015.30,2270.61,2603.13,2484.12,1995.26,1735.84,1932.58,2142.36,1892.91,2334.96,,,
Trade Balance,-918.11,-931.83,-1020.70,-928.27,-805.74,-867.33,-900.01,-774.66,-762.84,-758.94,-805.28,-944.05,-771.52,-877.81,,,
Source: NISR,,,,,,,,,,,,,,,,,
,,,,,,,,,,,,,,,,,
*Major revisions  include Domestic exports destination of Tea and Coffee,,,,,,,,,,,,,,,,,
,,,,,,,,,,,,,,,,,
,,,,,,,,,,,,,,,,,
,,,,,,,,,,,,,,,,,
,,,,,,,,,,,,,,,,,
,,,,,,,,,,,,,,,,,
,,,,,,,,,,,,,,,,,
,,,,,,,,,,,,,,,,,
,,,,,,,,,,,,,,,,,
,,,,,,,,,,,,,,,,,
,,,,,,,,,,,,,,,,,
