Table 1: List of Rwanda Land cover classes,,,,,,,,
No,Land cover class name,Area (Ha),Percentage share,,,,Area (Ha),Percentage share
1,Agricultural land on hills," 1,307,956 ",51.7,,,,"1,322,537",52.1
2,Non-rice Agricultural Wetland," 56,905 ",2.2,,,,"57,235",2.3
3,Mixed rangeland," 127,640 ",5.0,,,,"22,688",0.9
4,Low density builtup area," 95,740 ",3.8,,,,"35,445",1.4
5,Paddy rice wetland," 22,825 ",0.9,,,,"124,778",4.9
6,Tea plantation," 23,732 ",0.9,,,,"10,610",0.4
7,Non cropped wetlands," 36,846 ",1.5,,,,"65,121",2.6
8,Forest," 381,391 ",15.1,,,,"79,012",3.1
9,National parks," 190,247 ",7.5,,,,"16,361",0.6
10,Water bodies," 155,030 ",6.1,,,,"163,479",6.4
11,High density builtup area," 58,657 ",2.3,,,,"192,323",7.6
12,Protected wetland," 45,883 ",1.8,,,,"40,154",1.6
13,Bare land/rocks," 15,412 ",0.6,,,,"385,981",15.2
14, Exclusive rangeland ," 13,064 ",0.5,,,,"22,740",0.9
"Source: NISR, SAS 2026",,,,,,,,
,,,,,,,,
,,,,,,,,
,,,,,,,,
,,,,,,,,
,,,,,,,,
,,,,,,,,
,,,,,,,,
,,,,,,,,
,,,,,,,,
,,,,,,,,
,,,,,,,,
,,,,,,,,
,,,,,,,,
,,,,,,,,
,,,,,,,,
,,,,,,,,
